epoch,step,train_auc_epoch,train_loss_epoch,val_auc,val_loss
0,0,,,0.0,6.7564849853515625
0,0,0.06878307461738586,6.6786394119262695,,
