epoch,step,train_auc_step,train_loss_step
0,49,0.340336412191391,3.576472520828247
