epoch,step,train_auc_epoch,train_loss_epoch,val_auc,val_loss
0,0,,,0.23637071251869202,8.088865280151367
0,0,0.37936490774154663,8.297258377075195,,
